-- phpMyAdmin SQL Dump
-- version 5.0.2
-- https://www.phpmyadmin.net/
--
-- Host: 127.0.0.1
-- Generation Time: Feb 17, 2023 at 12:50 PM
-- Server version: 10.4.14-MariaDB
-- PHP Version: 7.4.10

SET SQL_MODE = "NO_AUTO_VALUE_ON_ZERO";
START TRANSACTION;
SET time_zone = "+00:00";


/*!40101 SET @OLD_CHARACTER_SET_CLIENT=@@CHARACTER_SET_CLIENT */;
/*!40101 SET @OLD_CHARACTER_SET_RESULTS=@@CHARACTER_SET_RESULTS */;
/*!40101 SET @OLD_COLLATION_CONNECTION=@@COLLATION_CONNECTION */;
/*!40101 SET NAMES utf8mb4 */;

--
-- Database: `manageschool`
--

-- --------------------------------------------------------

--
-- Table structure for table `comments`
--

CREATE TABLE `comments` (
  `id` int(11) NOT NULL,
  `content` varchar(1000) NOT NULL,
  `senderid` int(11) NOT NULL,
  `receiverid` int(11) DEFAULT 0
) ENGINE=InnoDB DEFAULT CHARSET=utf8mb4;

-- --------------------------------------------------------

--
-- Table structure for table `resultssummary`
--

CREATE TABLE `resultssummary` (
  `id` int(11) NOT NULL,
  `studentid` int(11) NOT NULL,
  `numberofsubjects` int(11) NOT NULL,
  `avaerage` float NOT NULL,
  `totalmarks` float NOT NULL
) ENGINE=InnoDB DEFAULT CHARSET=utf8mb4;

--
-- Dumping data for table `resultssummary`
--

INSERT INTO `resultssummary` (`id`, `studentid`, `numberofsubjects`, `avaerage`, `totalmarks`) VALUES
(2, 2, 5, 4.778, 215);

-- --------------------------------------------------------

--
-- Table structure for table `schoolfees`
--

CREATE TABLE `schoolfees` (
  `id` int(11) NOT NULL,
  `studentid` int(11) NOT NULL,
  `amountpaid` float NOT NULL
) ENGINE=InnoDB DEFAULT CHARSET=utf8mb4;

--
-- Dumping data for table `schoolfees`
--

INSERT INTO `schoolfees` (`id`, `studentid`, `amountpaid`) VALUES
(1, 2, 500000);

-- --------------------------------------------------------

--
-- Table structure for table `semister`
--

CREATE TABLE `semister` (
  `id` int(11) NOT NULL,
  `acyear` varchar(255) NOT NULL,
  `semistername` varchar(255) NOT NULL,
  `semisterstatus` int(11) NOT NULL DEFAULT 0
) ENGINE=InnoDB DEFAULT CHARSET=utf8mb4;

--
-- Dumping data for table `semister`
--

INSERT INTO `semister` (`id`, `acyear`, `semistername`, `semisterstatus`) VALUES
(1, '2022/2023', 'Semister One', 1),
(2, '2022/2023', 'Semister Two', 0);

-- --------------------------------------------------------

--
-- Table structure for table `studentresults`
--

CREATE TABLE `studentresults` (
  `id` int(11) NOT NULL,
  `studentid` int(11) NOT NULL,
  `subjectid` int(11) NOT NULL,
  `marks` int(11) NOT NULL,
  `datecreated` datetime NOT NULL DEFAULT current_timestamp()
) ENGINE=InnoDB DEFAULT CHARSET=utf8mb4;

--
-- Dumping data for table `studentresults`
--

INSERT INTO `studentresults` (`id`, `studentid`, `subjectid`, `marks`, `datecreated`) VALUES
(1, 2, 1, 90, '2023-02-09 14:11:27'),
(2, 2, 2, 70, '2023-02-09 14:11:27'),
(3, 2, 3, 85, '2023-02-09 14:11:27'),
(4, 2, 4, 100, '2023-02-09 14:11:27'),
(5, 2, 5, 75, '2023-02-09 14:11:27'),
(6, 2, 6, 80, '2023-02-09 14:11:27'),
(7, 2, 7, 90, '2023-02-17 14:01:15'),
(8, 2, 8, 70, '2023-02-17 14:01:15'),
(9, 2, 9, 80, '2023-02-17 14:01:15'),
(10, 2, 10, 70, '2023-02-17 14:01:15'),
(11, 2, 11, 85, '2023-02-17 14:01:15');

-- --------------------------------------------------------

--
-- Table structure for table `subjects`
--

CREATE TABLE `subjects` (
  `id` int(11) NOT NULL,
  `subjectname` varchar(255) NOT NULL,
  `semisterid` int(11) NOT NULL,
  `credit` int(11) NOT NULL
) ENGINE=InnoDB DEFAULT CHARSET=utf8mb4;

--
-- Dumping data for table `subjects`
--

INSERT INTO `subjects` (`id`, `subjectname`, `semisterid`, `credit`) VALUES
(7, 'SOFTWARE DESIGN', 1, 9),
(8, 'WEB APPLICATION', 1, 9),
(9, 'CYBER SECURITY', 1, 8),
(10, 'NETWORKING', 1, 10),
(11, 'GAME DESIGN', 1, 7),
(12, 'DATA MINING', 2, 10),
(13, 'REAL TIME SYSTEM', 2, 9),
(14, 'EMBEDDED SYSTEM', 2, 9),
(15, 'FIBER COMMUNICATION', 2, 10),
(16, 'INDUSTRIAL DESIGN', 2, 7);

-- --------------------------------------------------------

--
-- Table structure for table `useraccounts`
--

CREATE TABLE `useraccounts` (
  `id` int(11) NOT NULL,
  `username` varchar(20) NOT NULL,
  `fullname` varchar(255) NOT NULL,
  `email` varchar(100) NOT NULL,
  `password` varchar(255) NOT NULL,
  `userole` text NOT NULL,
  `studentid` int(11) NOT NULL DEFAULT 0,
  `resultstatus` int(11) NOT NULL DEFAULT 0,
  `convoviewid` int(11) NOT NULL DEFAULT 0
) ENGINE=InnoDB DEFAULT CHARSET=utf8mb4;

--
-- Dumping data for table `useraccounts`
--

INSERT INTO `useraccounts` (`id`, `username`, `fullname`, `email`, `password`, `userole`, `studentid`, `resultstatus`, `convoviewid`) VALUES
(1, 'bekatitle', 'bekatitle', 'admin@gmail.com', '$2a$07$asxx54ahjppf45sd87a5aupbibPBCYGpizR8repVZu7BiU2NDocCm', 'System-Admin', 0, 0, 0),
(2, 'thadeo', 'thadeo', 'student@gmail.com', '$2a$07$asxx54ahjppf45sd87a5auuBJZBNJQfe78XNyJrWnpy1vd/VBIx8m', 'Student', 0, 1, 0),
(3, 'jumaa', 'jumaa', 'parent@gmail.com', '$2a$07$asxx54ahjppf45sd87a5au3oOtsH6/LiYmQHXsb8Xsqhc2gW7Dfni', 'Parent', 2, 0, 0),
(4, 'kisaka', 'kisaka', 'admin@gmail.com', '$2a$07$asxx54ahjppf45sd87a5auXGSx4jhfO8lRjjLExBWv.rEIxKmFGt6', 'Accountant', 0, 0, 0),
(5, 'eddymubezi', 'eddymubezi', 'admin@gmail.com', '$2a$07$asxx54ahjppf45sd87a5auv9PcqWjG0KXUigp7gV.agjFMYmESTVm', 'HOD', 0, 0, 0);

-- --------------------------------------------------------

--
-- Table structure for table `useractivity`
--

CREATE TABLE `useractivity` (
  `id` int(11) NOT NULL,
  `datecreated` date NOT NULL,
  `timecreated` time NOT NULL,
  `ipaddress` varchar(155) NOT NULL,
  `activity` text NOT NULL,
  `userid` int(11) NOT NULL,
  `detailed` int(11) DEFAULT NULL
) ENGINE=InnoDB DEFAULT CHARSET=utf8mb4;

--
-- Dumping data for table `useractivity`
--

INSERT INTO `useractivity` (`id`, `datecreated`, `timecreated`, `ipaddress`, `activity`, `userid`, `detailed`) VALUES
(1, '2022-06-21', '12:38:40', '154.0.157.11', 'logged In', 2, NULL),
(2, '2022-06-21', '12:38:58', '154.0.157.11', 'logged In', 2, NULL),
(3, '2022-06-21', '12:39:16', '154.0.157.11', 'logged In', 2, NULL),
(4, '2022-06-21', '12:44:47', '154.0.157.11', 'logged In', 2, NULL),
(5, '2022-06-21', '12:45:50', '154.0.157.11', 'logged In', 3, NULL),
(6, '2022-06-21', '12:47:45', '154.0.157.11', 'logged In', 2, NULL),
(7, '2022-07-11', '15:47:06', '154.0.157.11', 'logged In', 2, NULL),
(8, '2022-07-11', '15:58:06', '154.0.157.11', 'logged Out', 2, 0),
(9, '2022-07-11', '16:03:41', '154.0.157.11', 'logged In', 2, NULL),
(10, '2022-07-11', '16:19:11', '154.0.157.11', 'logged Out', 2, 0),
(11, '2022-07-11', '16:19:22', '154.0.157.11', 'logged In', 1, NULL),
(12, '2022-07-11', '16:19:45', '154.0.157.11', 'logged Out', 1, 0),
(13, '2022-07-11', '16:19:51', '154.0.157.11', 'logged In', 2, NULL),
(14, '2022-07-11', '16:21:34', '154.0.157.11', 'logged Out', 2, 0),
(15, '2022-07-11', '16:21:41', '154.0.157.11', 'logged In', 3, NULL),
(16, '2022-07-11', '16:28:24', '154.0.157.11', 'logged In', 2, NULL),
(17, '2022-07-11', '16:29:30', '154.0.157.11', 'logged Out', 2, 0),
(18, '2022-07-11', '16:35:44', '154.0.157.11', 'logged In', 2, NULL),
(19, '2022-07-11', '16:56:05', '154.0.157.11', 'logged In', 2, NULL),
(20, '2022-07-12', '04:39:04', '155.12.111.22', 'logged In', 2, NULL),
(21, '2022-07-12', '15:43:27', '154.0.157.11', 'logged Out', 2, 0),
(22, '2022-07-12', '17:18:02', '154.0.157.11', 'logged In', 2, NULL),
(23, '2022-07-13', '15:33:06', '155.12.111.22', 'logged In', 2, NULL),
(24, '2022-07-17', '00:08:00', '155.12.111.22', 'logged In', 2, NULL),
(25, '2022-07-17', '00:20:07', '155.12.111.22', 'logged Out', 2, 0),
(26, '2022-08-03', '10:55:19', '154.0.157.11', 'logged In', 1, NULL),
(27, '2022-08-03', '10:55:53', '154.0.157.11', 'logged Out', 1, 0),
(28, '2022-08-03', '10:56:02', '154.0.157.11', 'logged In', 2, NULL),
(29, '2022-08-03', '11:07:22', '154.0.157.11', 'logged Out', 2, 0),
(30, '2022-08-03', '11:07:32', '154.0.157.11', 'logged In', 1, NULL),
(31, '2022-08-03', '11:33:19', '154.0.157.11', 'logged In', 2, NULL),
(32, '2022-08-03', '11:33:26', '154.0.157.11', 'logged Out', 2, 0),
(33, '2022-08-03', '11:33:32', '154.0.157.11', 'logged In', 1, NULL),
(34, '2022-08-03', '11:35:57', '154.0.157.11', 'logged Out', 1, 0),
(35, '2022-08-03', '11:36:03', '154.0.157.11', 'logged In', 4, NULL),
(36, '2022-08-05', '13:58:55', '154.0.157.11', 'logged In', 2, NULL),
(37, '2022-08-10', '14:18:02', '154.0.157.11', 'logged In', 2, NULL),
(38, '2022-08-11', '12:43:14', '154.0.157.11', 'logged In', 2, NULL),
(39, '2022-08-15', '02:35:51', '155.12.111.22', 'logged Out', 2, 0),
(40, '2022-08-15', '11:00:41', '154.0.157.11', 'logged In', 2, NULL),
(41, '2022-08-16', '13:14:34', '154.0.157.11', 'Added New Expenses Category', 2, 0),
(42, '2022-08-16', '13:15:00', '154.0.157.11', 'Added New Expenses Category', 2, 0),
(43, '2022-08-16', '13:22:54', '154.0.157.11', 'logged Out', 2, 0),
(44, '2022-08-16', '13:30:00', '154.0.157.11', 'logged In', 2, NULL),
(45, '2022-08-17', '11:26:04', '154.0.157.11', 'logged In', 2, NULL),
(46, '2022-08-17', '21:56:44', '155.12.111.22', 'logged Out', 2, 0),
(47, '2022-08-18', '00:40:47', '155.12.111.22', 'logged In', 2, NULL),
(48, '2022-08-18', '00:50:02', '155.12.111.22', 'logged In', 2, NULL),
(49, '2022-08-18', '15:21:56', '154.0.157.11', 'logged In', 2, NULL),
(50, '2022-08-22', '12:16:36', '154.0.157.11', 'logged In', 2, NULL),
(51, '2022-08-24', '16:38:01', '154.0.157.11', 'logged Out', 2, 0),
(52, '2022-08-26', '10:05:53', '154.0.157.11', 'logged In', 2, NULL),
(53, '2022-09-01', '11:45:26', '154.0.157.11', 'logged In', 2, NULL),
(54, '2022-09-01', '12:09:19', '154.0.157.11', 'logged In', 2, NULL),
(55, '2022-09-01', '13:17:36', '154.0.157.11', 'logged In', 1, NULL),
(56, '2022-09-01', '13:18:08', '154.0.157.11', 'logged In', 1, NULL),
(57, '2022-09-01', '13:18:48', '154.0.157.11', 'logged Out', 1, 0),
(58, '2022-09-01', '13:18:52', '154.0.157.11', 'logged In', 4, NULL),
(59, '2022-09-01', '13:18:57', '154.0.157.11', 'logged Out', 4, 0),
(60, '2022-09-01', '13:18:57', '154.0.157.11', 'logged Out', 4, 0),
(61, '2022-09-01', '13:21:40', '154.0.157.11', 'logged In', 1, NULL),
(62, '2022-09-01', '13:22:49', '154.0.157.11', 'logged Out', 1, 0),
(63, '2022-09-01', '13:23:17', '154.0.157.11', 'logged In', 1, NULL),
(64, '2022-09-01', '13:52:51', '154.0.157.11', 'logged In', 6, NULL),
(65, '2022-09-01', '14:07:20', '154.0.157.11', 'logged In', 6, NULL),
(66, '2022-09-01', '14:17:21', '154.0.157.11', 'logged In', 6, NULL),
(67, '2022-09-01', '14:23:52', '154.0.157.11', 'logged In', 7, NULL),
(68, '2022-09-02', '14:05:39', '154.0.157.11', 'logged In', 2, NULL),
(69, '2022-09-02', '14:06:35', '154.0.157.11', 'logged Out', 2, 0),
(70, '2022-09-02', '16:48:05', '154.0.157.11', 'logged In', 1, NULL),
(71, '2022-09-02', '16:49:02', '154.0.157.11', 'logged Out', 1, 0),
(72, '2022-09-02', '16:49:13', '154.0.157.11', 'logged In', 9, NULL),
(73, '2022-09-02', '16:49:19', '154.0.157.11', 'logged Out', 9, 0),
(74, '2022-09-02', '16:49:19', '154.0.157.11', 'logged Out', 9, 0),
(75, '2022-09-05', '10:07:13', '197.250.227.134', 'logged In', 9, NULL),
(76, '2022-09-05', '10:26:11', '154.0.157.11', 'logged In', 1, NULL),
(77, '2022-09-05', '10:26:17', '154.0.157.11', 'logged Out', 1, 0),
(78, '2022-09-05', '10:48:07', '154.0.157.11', 'logged In', 2, NULL),
(79, '2022-09-05', '10:57:22', '154.0.157.11', 'logged In', 6, NULL),
(80, '2022-09-05', '11:49:20', '154.0.157.11', 'Client Detials Edited', 6, NULL),
(81, '2022-09-05', '11:49:38', '154.0.157.11', 'Client Detials Edited', 6, NULL),
(82, '2022-09-05', '11:52:04', '154.0.157.11', 'logged In', 6, NULL),
(83, '2022-09-05', '11:52:20', '154.0.157.11', 'Client Detials Edited', 6, NULL),
(84, '2022-09-05', '11:56:30', '154.0.157.11', 'Added New Client', 6, 0),
(85, '2022-09-05', '11:57:16', '154.0.157.11', 'Client Detials Edited', 6, NULL),
(86, '2022-09-05', '12:43:20', '154.0.157.11', 'logged Out', 2, 0),
(87, '2022-09-05', '13:20:43', '154.0.157.2', 'logged In', 7, NULL),
(88, '2022-09-05', '13:26:49', '154.0.157.2', 'Added New Client', 7, 0),
(89, '2022-09-06', '13:06:33', '154.0.157.11', 'logged In', 6, NULL),
(90, '2022-09-06', '18:40:03', '155.12.111.22', 'logged In', 2, NULL),
(91, '2022-09-07', '01:26:33', '155.12.111.22', 'logged In', 2, NULL),
(92, '2022-09-07', '01:41:20', '155.12.111.22', 'logged Out', 2, 0),
(93, '2022-09-07', '01:54:14', '155.12.111.22', 'logged In', 2, NULL),
(94, '2022-09-07', '03:05:46', '155.12.111.22', 'logged In', 2, NULL),
(95, '2022-09-07', '10:03:16', '154.0.157.11', 'logged In', 6, NULL),
(96, '2022-09-07', '12:49:42', '154.0.157.11', 'Added New Client', 6, 0),
(97, '2022-09-07', '14:40:57', '154.0.157.11', 'logged Out', 6, 0),
(98, '2022-09-07', '14:48:43', '154.0.157.11', 'logged In', 6, NULL),
(99, '2022-09-07', '14:48:51', '154.0.157.11', 'logged Out', 6, 0),
(100, '2022-09-07', '14:49:00', '154.0.157.11', 'logged In', 6, NULL),
(101, '2022-09-07', '14:49:18', '154.0.157.11', 'logged Out', 2, 0),
(102, '2022-09-07', '15:01:30', '154.0.157.11', 'logged In', 2, NULL),
(103, '2022-09-08', '08:47:17', '154.0.157.11', 'logged In', 6, NULL),
(104, '2022-09-08', '14:39:41', '154.0.157.11', 'logged Out', 9, 0),
(105, '2022-09-08', '14:39:54', '154.0.157.11', 'logged In', 9, NULL),
(106, '2022-09-08', '15:25:53', '154.0.157.11', 'logged Out', 9, 0),
(107, '2022-09-09', '13:32:52', '197.215.246.173', 'logged In', 8, NULL),
(108, '2022-09-09', '13:40:28', '197.215.246.173', 'logged Out', 8, 0),
(109, '2022-09-09', '13:40:40', '197.215.246.173', 'logged In', 8, NULL),
(110, '2022-09-09', '13:41:25', '197.215.246.173', 'logged Out', 8, 0),
(111, '2022-09-09', '15:02:15', '154.0.157.11', 'logged In', 6, NULL),
(112, '2022-09-09', '15:09:23', '154.0.157.11', 'Added New Client', 6, 0),
(113, '2022-09-09', '15:34:49', '154.0.157.11', 'Added New Client', 6, 0),
(114, '2022-09-13', '05:47:21', '155.12.111.22', 'logged In', 2, NULL),
(115, '2022-09-13', '11:57:30', '154.0.157.11', 'logged In', 2, NULL),
(116, '2022-09-13', '11:58:43', '41.59.198.197', 'logged In', 6, NULL),
(117, '2022-09-14', '08:36:14', '154.0.157.11', 'logged In', 7, NULL),
(118, '2022-09-14', '08:42:26', '154.0.157.11', 'Added New Expenses Category', 7, 0),
(119, '2022-09-14', '08:45:29', '41.59.198.197', 'logged In', 6, NULL),
(120, '2022-09-15', '08:49:49', '41.59.198.197', 'logged In', 6, NULL),
(121, '2022-09-15', '09:26:27', '154.0.157.11', 'logged In', 7, NULL),
(122, '2022-09-15', '11:27:48', '41.59.198.197', 'logged In', 9, NULL),
(123, '2022-09-15', '11:32:46', '41.59.198.197', 'logged Out', 9, 0),
(124, '2022-09-16', '14:39:03', '154.0.157.11', 'logged In', 7, NULL),
(125, '2022-09-18', '23:49:13', '197.250.101.88', 'logged In', 2, NULL),
(126, '2022-09-19', '11:54:36', '154.0.157.11', 'logged In', 6, NULL),
(127, '2022-09-20', '06:41:03', '154.0.157.11', 'logged In', 7, NULL),
(128, '2022-09-20', '08:57:39', '41.59.198.197', 'logged In', 6, NULL),
(129, '2022-09-22', '10:50:32', '41.59.198.197', 'logged In', 7, NULL),
(130, '2022-09-22', '13:53:27', '197.250.230.225', 'logged In', 2, NULL),
(131, '2022-09-22', '13:59:30', '197.250.230.225', 'logged In', 2, NULL),
(132, '2022-09-22', '13:59:59', '41.59.198.197', 'logged In', 6, NULL),
(133, '2022-09-23', '10:08:54', '41.59.198.197', 'logged In', 7, NULL),
(134, '2022-09-23', '11:17:27', '197.250.230.162', 'logged Out', 2, 0),
(135, '2022-09-23', '11:17:40', '197.250.230.162', 'logged In', 1, NULL),
(136, '2022-09-23', '12:52:49', '197.250.230.162', 'logged In', 1, NULL),
(137, '2022-09-23', '12:55:50', '154.0.157.11', 'logged In', 9, NULL),
(138, '2022-09-23', '13:06:43', '154.0.157.11', 'logged Out', 9, 0),
(139, '2022-09-23', '13:29:20', '197.250.101.172', 'logged Out', 1, 0),
(140, '2022-09-23', '13:29:31', '197.250.101.172', 'logged In', 2, NULL),
(141, '2022-09-23', '16:25:36', '197.250.101.172', 'logged Out', 1, 0),
(142, '2022-09-23', '16:25:42', '197.250.101.172', 'logged In', 2, NULL),
(143, '2022-09-23', '16:35:52', '197.250.101.44', 'logged Out', 2, 0),
(144, '2022-09-23', '16:36:00', '197.250.101.44', 'logged In', 1, NULL),
(145, '2022-09-23', '16:39:01', '197.250.227.77', 'logged In', 9, NULL),
(146, '2022-09-23', '17:06:46', '197.250.101.44', 'logged Out', 1, 0),
(147, '2022-09-23', '17:06:54', '197.250.101.44', 'logged In', 2, NULL),
(148, '2022-09-26', '07:50:14', '41.59.198.197', 'logged In', 7, NULL),
(149, '2022-09-26', '08:37:24', '41.59.198.197', 'logged In', 6, NULL),
(150, '2022-09-26', '09:17:58', '154.0.157.11', 'logged Out', 9, 0),
(151, '2022-09-26', '13:04:06', '41.59.198.197', 'logged In', 7, NULL),
(152, '2022-09-26', '14:05:22', '197.250.100.74', 'logged In', 2, NULL),
(153, '2022-09-27', '08:23:50', '41.59.198.197', 'logged In', 6, NULL),
(154, '2022-09-27', '09:40:20', '197.250.102.115', 'logged Out', 2, 0),
(155, '2022-09-27', '09:59:33', '197.250.102.115', 'logged In', 1, NULL),
(156, '2022-09-29', '10:44:21', '41.59.198.197', 'logged In', 6, NULL),
(157, '2022-09-29', '10:49:34', '41.59.198.197', 'logged In', 7, NULL),
(158, '2022-09-29', '11:31:38', '41.59.198.197', 'logged In', 9, NULL),
(159, '2022-09-29', '11:33:47', '41.59.198.197', 'logged Out', 9, 0),
(160, '2022-09-29', '12:21:26', '41.59.198.197', 'logged In', 9, NULL),
(161, '2022-09-29', '12:42:09', '154.0.157.11', 'logged In', 2, NULL),
(162, '2022-09-29', '13:46:29', '41.59.198.197', 'logged Out', 9, 0),
(163, '2022-09-30', '10:02:10', '41.59.198.197', 'logged In', 6, NULL),
(164, '2022-09-30', '12:12:18', '154.0.157.11', 'logged In', 6, NULL),
(165, '2022-09-30', '12:26:56', '154.0.157.11', 'logged In', 6, NULL),
(166, '2022-09-30', '12:30:24', '154.0.157.11', 'logged Out', 6, 0),
(167, '2022-09-30', '12:36:12', '154.0.157.11', 'logged In', 6, NULL),
(168, '2022-10-03', '21:40:06', '155.12.111.22', 'logged Out', 1, 0),
(169, '2022-10-04', '03:52:22', '155.12.111.22', 'logged In', 1, NULL),
(170, '2022-10-04', '13:31:39', '154.0.157.11', 'logged In', 2, NULL),
(171, '2022-10-04', '14:44:26', '41.59.198.197', 'logged In', 7, NULL),
(172, '2022-10-06', '09:45:13', '41.59.198.197', 'logged In', 6, NULL),
(173, '2022-10-06', '11:16:34', '41.59.198.197', 'logged In', 7, NULL),
(174, '2022-10-06', '22:39:29', '155.12.111.22', 'logged Out', 2, 0),
(175, '2022-10-06', '22:40:40', '155.12.111.22', 'logged In', 1, NULL),
(176, '2022-10-07', '08:14:25', '41.59.198.197', 'logged In', 6, NULL),
(177, '2022-10-07', '10:11:43', '155.12.111.22', 'logged Out', 1, 0),
(178, '2022-10-07', '10:11:50', '155.12.111.22', 'logged In', 2, NULL),
(179, '2022-10-07', '10:40:10', '41.59.198.197', 'logged In', 7, NULL),
(180, '2022-10-07', '10:49:15', '41.59.198.197', 'logged In', 7, NULL),
(181, '2022-10-07', '11:05:18', '197.250.103.92', 'logged In', 9, NULL),
(182, '2022-10-07', '11:14:28', '197.250.103.92', 'logged Out', 9, 0),
(183, '2022-10-07', '11:29:21', '155.12.111.22', 'logged Out', 2, 0),
(184, '2022-10-07', '11:30:00', '155.12.111.22', 'logged In', 1, NULL),
(185, '2022-10-10', '08:16:22', '154.0.157.11', 'logged In', 6, NULL),
(186, '2022-10-10', '10:47:05', '41.59.198.197', 'logged In', 6, NULL),
(187, '2022-10-10', '11:02:16', '154.0.157.11', 'logged In', 9, NULL),
(188, '2022-10-10', '11:22:26', '154.0.157.11', 'logged Out', 1, 0),
(189, '2022-10-10', '11:22:35', '154.0.157.11', 'logged In', 2, NULL),
(190, '2022-10-10', '11:27:34', '154.0.157.11', 'logged Out', 2, 0),
(191, '2022-10-10', '11:27:59', '154.0.157.11', 'logged In', 1, NULL),
(192, '2022-10-10', '11:40:44', '154.0.157.11', 'logged Out', 1, 0),
(193, '2022-10-10', '11:40:54', '154.0.157.11', 'logged In', 2, NULL),
(194, '2022-10-10', '11:43:14', '41.59.198.197', 'logged In', 7, NULL),
(195, '2022-10-10', '14:55:17', '154.0.157.11', 'logged Out', 2, 0),
(196, '2022-10-10', '15:08:52', '154.0.157.11', 'logged In', 2, NULL),
(197, '2022-10-11', '09:10:25', '41.59.198.197', 'logged In', 6, NULL),
(198, '2022-10-11', '10:28:02', '41.59.198.197', 'logged In', 6, NULL),
(199, '2022-10-11', '10:31:43', '41.59.198.197', 'Client Detials Edited', 6, NULL),
(200, '2022-10-11', '10:36:59', '41.59.198.197', 'Client Detials Edited', 6, NULL),
(201, '2022-10-11', '11:26:45', '154.0.157.11', 'logged In', 2, NULL),
(202, '2022-10-11', '13:54:09', '41.59.198.197', 'logged In', 6, NULL),
(203, '2022-10-11', '14:24:28', '154.0.157.11', 'logged In', 7, NULL),
(204, '2022-10-11', '15:58:30', '41.59.198.197', 'logged Out', 6, 0),
(205, '2022-10-12', '09:03:58', '41.59.198.197', 'logged In', 6, NULL),
(206, '2022-10-13', '10:01:00', '155.12.111.22', 'logged In', 2, NULL),
(207, '2022-10-13', '13:24:18', '41.59.198.197', 'logged In', 6, NULL),
(208, '2022-10-15', '12:22:21', '154.0.157.11', 'logged In', 7, NULL),
(209, '2022-10-15', '13:51:45', '154.0.157.11', 'logged Out', 7, 0),
(210, '2022-10-17', '08:48:51', '154.0.157.11', 'logged In', 7, NULL),
(211, '2022-10-17', '11:18:00', '41.59.198.197', 'logged In', 6, NULL),
(212, '2022-10-17', '12:26:30', '41.59.198.197', 'logged In', 9, NULL),
(213, '2022-10-17', '12:27:24', '41.59.198.197', 'logged Out', 9, 0),
(214, '2022-10-18', '11:43:15', '154.0.157.11', 'logged In', 7, NULL),
(215, '2022-10-18', '13:28:03', '154.0.157.11', 'logged In', 6, NULL),
(216, '2022-10-19', '08:15:10', '41.59.198.197', 'logged In', 2, NULL),
(217, '2022-10-19', '08:15:35', '41.59.198.197', 'logged Out', 2, 0),
(218, '2022-10-19', '08:16:02', '41.59.198.197', 'logged In', 8, NULL),
(219, '2022-10-19', '08:16:08', '41.59.198.197', 'logged Out', 8, 0),
(220, '2022-10-19', '08:16:08', '41.59.198.197', 'logged Out', 8, 0),
(221, '2022-10-19', '08:16:26', '41.59.198.197', 'logged In', 8, NULL),
(222, '2022-10-19', '08:18:51', '41.59.198.197', 'logged In', 2, NULL),
(223, '2022-10-19', '08:40:03', '154.0.157.11', 'logged In', 7, NULL),
(224, '2022-10-19', '08:49:13', '41.59.198.197', 'logged In', 6, NULL),
(225, '2022-10-19', '10:08:24', '154.0.157.11', 'logged Out', 8, 0),
(226, '2022-10-19', '10:08:42', '154.0.157.11', 'logged In', 8, NULL),
(227, '2022-10-19', '10:28:39', '41.59.198.197', 'logged Out', 2, 0),
(228, '2022-10-19', '11:07:11', '154.0.157.11', 'logged Out', 8, 0),
(229, '2022-10-19', '14:27:09', '41.59.198.197', 'logged In', 9, NULL),
(230, '2022-10-19', '14:29:49', '41.59.198.197', 'logged Out', 9, 0),
(231, '2022-10-20', '10:19:17', '41.59.198.197', 'logged In', 6, NULL),
(232, '2022-10-21', '08:32:08', '41.59.198.197', 'logged In', 7, NULL),
(233, '2022-10-21', '08:49:30', '155.12.111.22', 'logged In', 2, NULL),
(234, '2022-10-21', '09:50:34', '41.59.198.197', 'logged In', 9, NULL),
(235, '2022-10-21', '09:58:40', '41.59.198.197', 'logged In', 6, NULL),
(236, '2022-10-21', '09:59:55', '196.249.98.30', 'logged In', 2, NULL),
(237, '2022-10-21', '10:35:14', '41.59.198.197', 'logged Out', 9, 0),
(238, '2022-10-21', '11:11:10', '41.59.198.197', 'logged In', 9, NULL),
(239, '2022-10-21', '11:16:55', '41.59.198.197', 'logged Out', 9, 0),
(240, '2022-10-24', '08:56:01', '41.59.198.197', 'logged In', 6, NULL),
(241, '2022-10-24', '10:32:06', '41.59.198.197', 'logged In', 7, NULL),
(242, '2022-10-24', '13:20:11', '41.59.198.197', 'logged In', 2, NULL),
(243, '2022-10-25', '08:16:52', '154.0.157.11', 'logged In', 7, NULL),
(244, '2022-10-25', '08:31:41', '154.0.157.11', 'logged In', 6, NULL),
(245, '2022-10-25', '09:07:36', '41.59.198.197', 'logged In', 9, NULL),
(246, '2022-10-25', '09:51:52', '197.250.51.209', 'logged Out', 9, 0),
(247, '2022-10-25', '12:17:45', '197.250.51.209', 'logged In', 9, NULL),
(248, '2022-10-25', '20:49:30', '155.12.111.22', 'logged In', 2, NULL),
(249, '2022-10-26', '08:49:48', '154.0.157.11', 'logged In', 7, NULL),
(250, '2022-10-26', '09:02:16', '197.215.246.7', 'logged In', 8, NULL),
(251, '2022-10-26', '10:00:38', '41.59.198.197', 'logged In', 9, NULL),
(252, '2022-10-26', '10:18:01', '41.59.198.197', 'logged Out', 9, 0),
(253, '2022-10-26', '10:22:42', '197.215.246.7', 'logged Out', 8, 0),
(254, '2022-10-26', '10:27:37', '41.59.198.197', 'logged In', 9, NULL),
(255, '2022-10-26', '10:36:25', '41.59.198.197', 'logged In', 2, NULL),
(256, '2022-10-26', '10:36:50', '41.59.198.197', 'logged Out', 9, 0),
(257, '2022-10-26', '11:05:28', '41.59.198.197', 'logged In', 9, NULL),
(258, '2022-10-26', '11:27:15', '41.59.198.197', 'logged In', 6, NULL),
(259, '2022-10-26', '11:53:45', '154.0.157.11', 'logged Out', 9, 0),
(260, '2022-10-27', '07:51:47', '197.215.244.193', 'logged In', 8, NULL),
(261, '2022-10-27', '08:13:54', '197.215.244.193', 'logged Out', 8, 0),
(262, '2022-10-27', '08:56:28', '41.59.198.197', 'logged In', 6, NULL),
(263, '2022-10-28', '08:43:49', '41.59.198.197', 'logged In', 6, NULL),
(264, '2022-10-29', '15:44:19', '154.0.157.11', 'logged In', 7, NULL),
(265, '2022-10-29', '16:15:08', '154.0.157.11', 'logged Out', 7, 0),
(266, '2022-10-31', '10:36:35', '41.59.198.197', 'logged In', 6, NULL),
(267, '2022-11-01', '08:59:31', '41.59.198.197', 'logged In', 6, NULL),
(268, '2022-11-01', '09:21:26', '154.0.157.11', 'logged In', 9, NULL),
(269, '2022-11-01', '10:00:24', '154.0.157.11', 'logged In', 7, NULL),
(270, '2022-11-01', '10:01:20', '41.59.198.197', 'logged Out', 9, 0),
(271, '2022-11-02', '08:32:22', '41.59.198.197', 'logged In', 6, NULL),
(272, '2022-11-02', '12:49:28', '41.59.198.197', 'logged In', 2, NULL),
(273, '2022-11-02', '13:02:34', '41.59.198.197', 'logged In', 6, NULL),
(274, '2022-11-03', '08:24:24', '41.59.198.197', 'logged In', 6, NULL),
(275, '2022-11-03', '10:36:23', '41.59.198.197', 'logged In', 6, NULL),
(276, '2022-11-04', '08:22:26', '41.59.198.197', 'logged In', 6, NULL),
(277, '2022-11-07', '09:32:28', '41.59.198.197', 'logged In', 9, NULL),
(278, '2022-11-07', '09:34:29', '41.59.198.197', 'logged In', 6, NULL),
(279, '2022-11-07', '09:42:02', '41.59.198.197', 'logged Out', 9, 0),
(280, '2022-11-08', '08:04:50', '41.59.198.197', 'logged In', 6, NULL),
(281, '2022-11-08', '11:49:40', '41.59.198.197', 'logged In', 7, NULL),
(282, '2022-11-08', '13:43:02', '41.59.198.197', 'logged In', 6, NULL),
(283, '2022-11-09', '08:24:59', '41.59.198.197', 'logged In', 6, NULL),
(284, '2022-11-09', '10:02:27', '41.59.198.197', 'logged In', 7, NULL),
(285, '2022-11-09', '10:56:32', '154.0.157.11', 'logged In', 9, NULL),
(286, '2022-11-09', '10:57:11', '154.0.157.11', 'logged Out', 9, 0),
(287, '2022-11-09', '10:58:18', '154.0.157.11', 'logged In', 9, NULL),
(288, '2022-11-09', '11:31:36', '41.59.198.197', 'logged Out', 9, 0),
(289, '2022-11-09', '14:35:45', '154.0.157.11', 'logged In', 2, NULL),
(290, '2022-11-09', '14:40:48', '154.0.157.11', 'logged Out', 2, 0),
(291, '2022-11-09', '14:41:31', '154.0.157.11', 'logged In', 1, NULL),
(292, '2022-11-09', '14:46:02', '154.0.157.11', 'logged Out', 1, 0),
(293, '2022-11-09', '15:11:28', '154.0.157.11', 'logged In', 7, NULL),
(294, '2022-11-09', '15:12:10', '154.0.157.11', 'logged In', 1, NULL),
(295, '2022-11-09', '16:09:45', '154.0.157.11', 'logged Out', 7, 0),
(296, '2022-11-10', '08:52:12', '154.0.157.11', 'logged In', 6, NULL),
(297, '2022-11-10', '08:55:46', '41.59.198.197', 'logged In', 9, NULL),
(298, '2022-11-10', '10:14:22', '155.12.111.22', 'logged In', 1, NULL),
(299, '2022-11-10', '11:58:34', '41.59.198.197', 'logged Out', 9, 0),
(300, '2022-11-11', '00:52:15', '::1', 'logged In', 2, NULL),
(301, '2022-11-13', '16:11:28', '::1', 'logged Out', 2, 0),
(302, '2022-11-15', '10:33:42', '127.0.0.1', 'logged In', 2, NULL),
(303, '2022-11-15', '16:54:18', '127.0.0.1', 'logged Out', 2, 0),
(304, '2022-11-17', '12:23:44', '::1', 'logged In', 2, NULL),
(305, '2022-11-17', '12:26:42', '::1', 'Client Detials Edited', 2, NULL),
(306, '2022-11-17', '12:50:55', '::1', 'logged Out', 2, 0),
(307, '2022-11-28', '20:45:04', '127.0.0.1', 'logged In', 2, NULL),
(308, '2022-12-12', '13:28:19', '::1', 'logged In', 2, NULL),
(309, '2022-12-14', '09:23:59', '::1', 'logged Out', 2, 0),
(310, '2023-01-12', '19:21:55', '127.0.0.1', 'logged In', 1, NULL),
(311, '2023-01-16', '01:28:03', '::1', 'logged In', 2, NULL),
(312, '2023-01-16', '02:16:13', '::1', 'logged Out', 2, 0),
(313, '2023-01-16', '10:55:44', '127.0.0.1', 'logged Out', 1, 0),
(314, '2023-01-16', '10:55:52', '127.0.0.1', 'logged In', 2, NULL),
(315, '2023-01-16', '12:16:13', '::1', 'logged In', 2, NULL),
(316, '2023-01-17', '01:12:07', '::1', 'logged Out', 2, 0),
(317, '2023-01-17', '01:16:46', '127.0.0.1', 'logged Out', 2, 0),
(318, '2023-02-06', '14:24:34', '::1', 'logged In', 2, NULL),
(319, '2023-02-06', '14:35:12', '::1', 'logged Out', 2, 0),
(320, '2023-02-06', '14:35:30', '::1', 'logged In', 1, NULL),
(321, '2023-02-06', '14:40:26', '::1', 'logged Out', 1, 0),
(322, '2023-02-08', '01:23:28', '::1', 'logged In', 2, NULL),
(323, '2023-02-08', '01:25:36', '::1', 'logged Out', 2, 0),
(324, '2023-02-08', '01:29:16', '::1', 'logged In', 2, NULL),
(325, '2023-02-09', '10:05:09', '::1', 'logged Out', 2, NULL),
(326, '2023-02-09', '10:07:52', '::1', 'logged In', 16, NULL),
(327, '2023-02-09', '12:03:52', '::1', 'logged Out', 16, NULL),
(328, '2023-02-09', '12:04:07', '::1', 'logged In', 1, NULL),
(329, '2023-02-09', '12:05:22', '::1', 'logged Out', 1, NULL),
(330, '2023-02-09', '12:05:26', '::1', 'logged In', 18, NULL),
(331, '2023-02-09', '12:22:42', '::1', 'logged Out', 18, NULL),
(332, '2023-02-09', '12:22:51', '::1', 'logged In', 18, NULL),
(333, '2023-02-09', '13:09:19', '::1', 'logged Out', 18, NULL),
(334, '2023-02-09', '13:09:32', '::1', 'logged In', 1, NULL),
(335, '2023-02-09', '13:20:47', '::1', 'logged Out', 1, NULL),
(336, '2023-02-09', '13:20:56', '::1', 'logged In', 1, NULL),
(337, '2023-02-09', '13:25:34', '::1', 'logged Out', 1, NULL),
(338, '2023-02-09', '13:25:37', '::1', 'logged In', 1, NULL),
(339, '2023-02-09', '13:39:51', '::1', 'logged Out', 1, NULL),
(340, '2023-02-09', '13:39:56', '::1', 'logged In', 18, NULL),
(341, '2023-02-09', '13:41:09', '::1', 'logged Out', 18, NULL),
(342, '2023-02-09', '13:41:19', '::1', 'logged In', 1, NULL),
(343, '2023-02-09', '13:46:17', '::1', 'logged Out', 1, NULL),
(344, '2023-02-09', '13:46:22', '::1', 'logged In', 18, NULL),
(345, '2023-02-09', '13:46:35', '::1', 'logged Out', 18, NULL),
(346, '2023-02-09', '13:46:41', '::1', 'logged In', 1, NULL),
(347, '2023-02-09', '13:53:28', '::1', 'logged Out', 1, NULL),
(348, '2023-02-09', '13:53:35', '::1', 'logged In', 18, NULL),
(349, '2023-02-09', '13:53:57', '::1', 'logged Out', 18, NULL),
(350, '2023-02-09', '13:54:04', '::1', 'logged In', 1, NULL),
(351, '2023-02-09', '13:55:47', '::1', 'logged Out', 1, NULL),
(352, '2023-02-09', '13:56:00', '::1', 'logged In', 16, NULL),
(353, '2023-02-09', '13:58:20', '::1', 'logged Out', 16, NULL),
(354, '2023-02-09', '13:58:30', '::1', 'logged In', 16, NULL),
(355, '2023-02-09', '14:06:08', '::1', 'logged Out', 16, NULL),
(356, '2023-02-09', '14:06:14', '::1', 'logged In', 18, NULL),
(357, '2023-02-09', '14:06:46', '::1', 'logged Out', 18, NULL),
(358, '2023-02-09', '14:06:51', '::1', 'logged In', 16, NULL),
(359, '2023-02-09', '14:07:37', '::1', 'logged Out', 16, NULL),
(360, '2023-02-09', '14:07:54', '::1', 'logged In', 1, NULL),
(361, '2023-02-09', '14:12:47', '::1', 'logged Out', 1, NULL),
(362, '2023-02-09', '14:12:51', '::1', 'logged In', 3, NULL),
(363, '2023-02-09', '14:13:09', '::1', 'logged Out', 3, NULL),
(364, '2023-02-09', '14:13:16', '::1', 'logged In', 1, NULL),
(365, '2023-02-09', '14:13:42', '::1', 'logged Out', 1, NULL),
(366, '2023-02-09', '14:13:48', '::1', 'logged In', 3, NULL),
(367, '2023-02-09', '14:14:03', '::1', 'logged Out', 3, NULL),
(368, '2023-02-17', '12:19:12', '::1', 'logged In', 1, NULL),
(369, '2023-02-17', '12:24:54', '::1', 'logged Out', 1, NULL),
(370, '2023-02-17', '12:24:57', '::1', 'logged In', 4, NULL),
(371, '2023-02-17', '12:30:18', '::1', 'logged Out', 4, NULL),
(372, '2023-02-17', '12:30:29', '::1', 'logged In', 4, NULL),
(373, '2023-02-17', '12:31:01', '::1', 'logged Out', 4, NULL),
(374, '2023-02-17', '12:31:43', '::1', 'logged In', 1, NULL),
(375, '2023-02-17', '12:32:26', '::1', 'logged Out', 1, NULL),
(376, '2023-02-17', '12:33:12', '::1', 'logged In', 5, NULL),
(377, '2023-02-17', '12:41:23', '::1', 'logged Out', 5, NULL),
(378, '2023-02-17', '12:41:30', '::1', 'logged In', 1, NULL),
(379, '2023-02-17', '13:25:18', '::1', 'logged Out', 1, NULL),
(380, '2023-02-17', '13:25:24', '::1', 'logged In', 5, NULL),
(381, '2023-02-17', '13:31:43', '::1', 'logged Out', 5, NULL),
(382, '2023-02-17', '13:31:46', '::1', 'logged In', 5, NULL),
(383, '2023-02-17', '13:31:50', '::1', 'logged Out', 5, NULL),
(384, '2023-02-17', '13:31:56', '::1', 'logged In', 1, NULL),
(385, '2023-02-17', '13:32:07', '::1', 'logged Out', 1, NULL),
(386, '2023-02-17', '13:32:09', '::1', 'logged In', 5, NULL),
(387, '2023-02-17', '14:14:11', '::1', 'logged Out', 5, NULL);

--
-- Indexes for dumped tables
--

--
-- Indexes for table `comments`
--
ALTER TABLE `comments`
  ADD PRIMARY KEY (`id`);

--
-- Indexes for table `resultssummary`
--
ALTER TABLE `resultssummary`
  ADD PRIMARY KEY (`id`);

--
-- Indexes for table `schoolfees`
--
ALTER TABLE `schoolfees`
  ADD PRIMARY KEY (`id`);

--
-- Indexes for table `semister`
--
ALTER TABLE `semister`
  ADD PRIMARY KEY (`id`);

--
-- Indexes for table `studentresults`
--
ALTER TABLE `studentresults`
  ADD PRIMARY KEY (`id`);

--
-- Indexes for table `subjects`
--
ALTER TABLE `subjects`
  ADD PRIMARY KEY (`id`);

--
-- Indexes for table `useraccounts`
--
ALTER TABLE `useraccounts`
  ADD PRIMARY KEY (`id`);

--
-- Indexes for table `useractivity`
--
ALTER TABLE `useractivity`
  ADD PRIMARY KEY (`id`);

--
-- AUTO_INCREMENT for dumped tables
--

--
-- AUTO_INCREMENT for table `comments`
--
ALTER TABLE `comments`
  MODIFY `id` int(11) NOT NULL AUTO_INCREMENT;

--
-- AUTO_INCREMENT for table `resultssummary`
--
ALTER TABLE `resultssummary`
  MODIFY `id` int(11) NOT NULL AUTO_INCREMENT, AUTO_INCREMENT=3;

--
-- AUTO_INCREMENT for table `schoolfees`
--
ALTER TABLE `schoolfees`
  MODIFY `id` int(11) NOT NULL AUTO_INCREMENT, AUTO_INCREMENT=2;

--
-- AUTO_INCREMENT for table `semister`
--
ALTER TABLE `semister`
  MODIFY `id` int(11) NOT NULL AUTO_INCREMENT, AUTO_INCREMENT=3;

--
-- AUTO_INCREMENT for table `studentresults`
--
ALTER TABLE `studentresults`
  MODIFY `id` int(11) NOT NULL AUTO_INCREMENT, AUTO_INCREMENT=12;

--
-- AUTO_INCREMENT for table `subjects`
--
ALTER TABLE `subjects`
  MODIFY `id` int(11) NOT NULL AUTO_INCREMENT, AUTO_INCREMENT=17;

--
-- AUTO_INCREMENT for table `useraccounts`
--
ALTER TABLE `useraccounts`
  MODIFY `id` int(11) NOT NULL AUTO_INCREMENT, AUTO_INCREMENT=6;

--
-- AUTO_INCREMENT for table `useractivity`
--
ALTER TABLE `useractivity`
  MODIFY `id` int(11) NOT NULL AUTO_INCREMENT, AUTO_INCREMENT=388;
COMMIT;

/*!40101 SET CHARACTER_SET_CLIENT=@OLD_CHARACTER_SET_CLIENT */;
/*!40101 SET CHARACTER_SET_RESULTS=@OLD_CHARACTER_SET_RESULTS */;
/*!40101 SET COLLATION_CONNECTION=@OLD_COLLATION_CONNECTION */;
